<MissionPackageManifest version="2">
  <Configuration>
	<Parameter name="name" value="*2MDTF-IL4-TAK SVR*" />  #update package name
	<Parameter name="uid" value="12c63d5d-4ad8-42c3-b23b-2afe1e6ec5d9" />
	<Parameter name="onReceiveImport" value="true"/> #imports package
	<Parameter name="onRecieveDelete" value="false"/> #deletes package after connection established
  </Configuration>
  <Contents>
    <Content zipEntry="truststore-intermediate.p12" ignore="false" /> #identifies truststore-intermediate.p12 cert
    <Content zipEntry="TAKServer.pref" ignore="false" /> #name of pref file
    <Content zipEntry="ArcGIS_Topo.xml" ignore="false" />
    <Content zipEntry="BingHybrid.xml" ignore="false" />
    <Content zipEntry="BingMaps.xml" ignore="false" />
    <Content zipEntry="DigitalGlobe-NGA_LeastClouds.xmle" ignore="false" />
    <Content zipEntry="DigitalGlobe-NGA_MostAesthetic.xmle" ignore="false" />
    <Content zipEntry="DigitalGlobe-NGA_MostCurrent.xmle" ignore="false" />
    <Content zipEntry="ESRI_Labels.xml" ignore="false" />
    <Content zipEntry="ESRI_NatGeo.xml" ignore="false" />
    <Content zipEntry="ESRI_TOPO1.xml" ignore="false" />
    <Content zipEntry="ESRI_TOPO2.xml" ignore="false" />
    <Content zipEntry="ESRI_WorldImagery.xml" ignore="false" />
    <Content zipEntry="FlightAwareBaseMap.xml" ignore="false" />
    <Content zipEntry="GOOGLEHybrid.xml" ignore="false" />
    <Content zipEntry="GOOGLEHybridpng.xml" ignore="false" />
    <Content zipEntry="GOOGLESat.xml" ignore="false" />
    <Content zipEntry="GOOGLEStreetMap.xml" ignore="false" />
    <Content zipEntry="GOOGLETerrain.xml" ignore="false" />
    <Content zipEntry="NOAA_RNC.xml" ignore="false" />
    <Content zipEntry="NRL-DRG-Auto.xml" ignore="false" />
    <Content zipEntry="NRL-DRG-Mosaic.xml" ignore="false" />
    <Content zipEntry="NRL-FAA-Sectionals.xml" ignore="false" />
    <Content zipEntry="NRL-FAA-TACs.xml" ignore="false" />
    <Content zipEntry="NRL-FAA-WACs.xml" ignore="false" />
    <Content zipEntry="NRL-NAIP-(CONUS).xml" ignore="false" />
    <Content zipEntry="NRL-OpenStreetMap.xml" ignore="false" />
    <Content zipEntry="USGSImageryOnly.xml" ignore="false" />
    <Content zipEntry="USGSImageryTopo.xml" ignore="false" />
  </Contents>
</MissionPackageManifest>
