<?xml version="1.0" encoding="UTF-8"?>
<customWmsMapSource>
    <name>NOAA_RNC on RNC_NOAA_RNC</name>
    <minZoom>0</minZoom>
    <maxZoom>18</maxZoom>
    <tileType>png</tileType>
    <url>https://seamlessrnc.nauticalcharts.noaa.gov/arcgis/services/RNC/NOAA_RNC/ImageServer/WMSServer</url>
    <coordinatesystem>EPSG:3857</coordinatesystem>
    <layers>0</layers>
    <styles>default</styles>
    <north>74.761612</north>
    <east>179.999989</east>
    <south>-14.647995</south>
    <west>-179.999989</west>
    <backgroundColor>#000000</backgroundColor>
    <aditionalparameters>&amp;transparent=true</aditionalparameters>
</customWmsMapSource>
