<?xml version="1.0" encoding="UTF-8"?>
<customMapSource>
    <name>NRL Open Street Map</name>
    <minZoom>0</minZoom>
    <maxZoom>21</maxZoom>
    <tileType>image/jpeg</tileType>
    <url>https://geoint.nrlssc.navy.mil/osm/wmts/OSM/basemap/Mapnik/OSM_BASEMAP?service=WMTS&amp;request=GetTile&amp;version=1.0.0&amp;layer=OSM_BASEMAP&amp;style=default&amp;format=image/jpeg&amp;TileMatrixSet=GoogleMapsCompatible&amp;TileMatrix={$z}&amp;TileRow={$y}&amp;TileCol={$x}</url>
    <tileUpdate>false</tileUpdate>
    <backgroundColor>#000000</backgroundColor>
    <ignoreErrors>false</ignoreErrors>
    <serverParts></serverParts>
</customMapSource>
