<?xml version="1.0" encoding="UTF-8"?>
    <customMapSource>
    <name>NRL DRG</name>
    <minZoom>0</minZoom>
    <maxZoom>18</maxZoom>
    <tileType>png</tileType>
    <url>https://geoint.nrlssc.navy.mil/nrltileserver/wmts2?SERVICE=WMTS&amp;REQUEST=GetTile&amp;VERSION=1.0.0&amp;LAYER=DRG_AUTO&amp;STYLE=_null&amp;TILEMATRIXSET=GoogleMapsCompatible&amp;TILEMATRIX={$z}&amp;TILEROW={$y}&amp;TILECOL={$x}&amp;FORMAT=image%2Fpng&amp;WIDTH=256&amp;HEIGHT=256</url>
    <tileUpdate>None</tileUpdate>
    <backgroundColor>#000000</backgroundColor>
    <ignoreErrors>false</ignoreErrors>
    <serverParts/>
</customMapSource>
